study,treat1,treat2,TE,seTE,setting,region,pmid
Lapane2011,Pharmacist,UC,-0.11653381625595151,0.10578616408497156,Institutionalized,NorthAmerican,21649623
Che2024,MDT,UC,-0.15082288973458366,0.21873730404367897,Institutionalized,Asian,39078632
McCarthy2022,Deprescribing,UC,-0.05129329438755058,0.026877682565772013,Community,European,34986166
Niquille2021,MDT,UC,-0.01005033585350145,0.06214849047391595,Institutionalized,European,33933030
