study,treat1,treat2,TE,seTE,setting,region,pmid
Kua2020,MDT,UC,-1.8325814637483102,0.24375291964985618,Institutionalized,Asian,32423694
Che2024,MDT,UC,-0.040821994520255166,0.16181292870842143,Institutionalized,Asian,39078632
Lapane2011,Pharmacist,UC,-0.08338160893905101,0.10456625132041583,Institutionalized,NorthAmerican,21649623
McCarthy2022,Deprescribing,UC,0,0.09616069841840387,Community,European,34986166
