treatment,label,SUCRA,MeanRank
LEN,Lenacapavir,0.9905142857142858,1.2392
CAB_LA,Cabotegravir LA,0.7918428571428572,4.7268
TDF_FTC_OD,TDF/FTC on-demand,0.7619714285714286,4.222799999999999
TAF_FTC,TAF/FTC daily,0.4762428571428572,3.1673
TDF_FTC,TDF/FTC daily,0.39538571428571423,5.7878
TDF_mono,TDF daily (mono),0.3416428571428571,5.4627
DVR,Dapivirine ring,0.23458571428571426,3.6048
PBO,Placebo,0.007814285714285715,7.7886
